INSERT INTO ebp.user (id, username, password, role) VALUES (1, 'a', '$2a$10$EqjwsrvNtBU29FrgSdRbNezo62DggLn2x8zWJXPW2L9w3bKAEQWsq', 'admin');
INSERT INTO ebp.user (id, username, password, role) VALUES (2, 's', '$2a$10$txnuZY2ReE/1pnSoNbdstuLojtO.gFF0qsFuLDjiKPHrWT/i58JUG', 'user');
INSERT INTO ebp.user (id, username, password, role) VALUES (3, 'd', '$2a$10$C/4sMRj1Vzs.kozbs3uWTuHPc23QPgK1F0U9HtiTD.l68VEboe5hi', 'user');

INSERT INTO ebp.profile (id, user_id, email) VALUES (1, 1, 'a@qq.com');
INSERT INTO ebp.profile (id, user_id, email) VALUES (2, 2, 's@qq.com');
INSERT INTO ebp.profile (id, user_id, email) VALUES (3, 3, 'd@qq.com');

INSERT INTO ebp.order_status (id, status) VALUES (1, '待付款');
INSERT INTO ebp.order_status (id, status) VALUES (2, '待发货');
INSERT INTO ebp.order_status (id, status) VALUES (3, '待收货');
INSERT INTO ebp.order_status (id, status) VALUES (4, '已完成');
INSERT INTO ebp.order_status (id, status) VALUES (5, '已取消');

INSERT INTO ebp.goods_type (id, title) VALUES (1, '默认');
INSERT INTO ebp.goods_type (id, title) VALUES (2, '男装');
INSERT INTO ebp.goods_type (id, title) VALUES (3, '女装');
INSERT INTO ebp.goods_type (id, title) VALUES (4, '男鞋');
INSERT INTO ebp.goods_type (id, title) VALUES (5, '女鞋');
INSERT INTO ebp.goods_type (id, title) VALUES (6, '奢品');
INSERT INTO ebp.goods_type (id, title) VALUES (7, '箱包');
INSERT INTO ebp.goods_type (id, title) VALUES (8, '美妆');
INSERT INTO ebp.goods_type (id, title) VALUES (9, '饰品');
INSERT INTO ebp.goods_type (id, title) VALUES (10, '洗护');
INSERT INTO ebp.goods_type (id, title) VALUES (11, '运动');
INSERT INTO ebp.goods_type (id, title) VALUES (12, '百货');
INSERT INTO ebp.goods_type (id, title) VALUES (13, '手机');
INSERT INTO ebp.goods_type (id, title) VALUES (14, '数码');
INSERT INTO ebp.goods_type (id, title) VALUES (15, '家装');
INSERT INTO ebp.goods_type (id, title) VALUES (16, '电器');
INSERT INTO ebp.goods_type (id, title) VALUES (17, '车品');
INSERT INTO ebp.goods_type (id, title) VALUES (18, '食品');
INSERT INTO ebp.goods_type (id, title) VALUES (19, '母婴');
INSERT INTO ebp.goods_type (id, title) VALUES (20, '医药');
INSERT INTO ebp.goods_type (id, title) VALUES (21, '保健');
INSERT INTO ebp.goods_type (id, title) VALUES (22, '进口');

INSERT INTO ebp.goods (id, goods_type_id, title, original_price, current_price, store, picture) VALUES (NULL, 2, '西装', 999.00, 999.00, 999, NULL);
INSERT INTO ebp.goods (id, goods_type_id, title, original_price, current_price, store, picture) VALUES (NULL, 2, '衬衫', 999.00, 999.00, 999, NULL);
INSERT INTO ebp.goods (id, goods_type_id, title, original_price, current_price, store, picture) VALUES (NULL, 2, '牛仔裤', 999.00, 999.00, 999, NULL);
INSERT INTO ebp.goods (id, goods_type_id, title, original_price, current_price, store, picture) VALUES (NULL, 3, '连衣裙', 999.00, 999.00, 999, NULL);
INSERT INTO ebp.goods (id, goods_type_id, title, original_price, current_price, store, picture) VALUES (NULL, 3, '高跟鞋', 999.00, 999.00, 999, NULL);
INSERT INTO ebp.goods (id, goods_type_id, title, original_price, current_price, store, picture) VALUES (NULL, 3, '包包', 999.00, 999.00, 999, NULL);
INSERT INTO ebp.goods (id, goods_type_id, title, original_price, current_price, store, picture) VALUES (NULL, 4, '运动鞋', 999.00, 999.00, 999, NULL);
INSERT INTO ebp.goods (id, goods_type_id, title, original_price, current_price, store, picture) VALUES (NULL, 4, '皮鞋', 999.00, 999.00, 999, NULL);
INSERT INTO ebp.goods (id, goods_type_id, title, original_price, current_price, store, picture) VALUES (NULL, 4, '帆布鞋', 999.00, 999.00, 999, NULL);
INSERT INTO ebp.goods (id, goods_type_id, title, original_price, current_price, store, picture) VALUES (NULL, 5, '高跟鞋', 999.00, 999.00, 999, NULL);
INSERT INTO ebp.goods (id, goods_type_id, title, original_price, current_price, store, picture) VALUES (NULL, 5, '平底鞋', 999.00, 999.00, 999, NULL);
INSERT INTO ebp.goods (id, goods_type_id, title, original_price, current_price, store, picture) VALUES (NULL, 5, '凉鞋', 999.00, 999.00, 999, NULL);
INSERT INTO ebp.goods (id, goods_type_id, title, original_price, current_price, store, picture) VALUES (NULL, 6, '手表', 999.00, 999.00, 999, NULL);
INSERT INTO ebp.goods (id, goods_type_id, title, original_price, current_price, store, picture) VALUES (NULL, 6, '皮具', 999.00, 999.00, 999, NULL);
INSERT INTO ebp.goods (id, goods_type_id, title, original_price, current_price, store, picture) VALUES (NULL, 6, '珠宝', 999.00, 999.00, 999, NULL);
INSERT INTO ebp.goods (id, goods_type_id, title, original_price, current_price, store, picture) VALUES (NULL, 7, '行李箱', 999.00, 999.00, 999, NULL);
INSERT INTO ebp.goods (id, goods_type_id, title, original_price, current_price, store, picture) VALUES (NULL, 7, '背包', 999.00, 999.00, 999, NULL);
INSERT INTO ebp.goods (id, goods_type_id, title, original_price, current_price, store, picture) VALUES (NULL, 7, '手提包', 999.00, 999.00, 999, NULL);
INSERT INTO ebp.goods (id, goods_type_id, title, original_price, current_price, store, picture) VALUES (NULL, 8, '口红', 999.00, 999.00, 999, NULL);
INSERT INTO ebp.goods (id, goods_type_id, title, original_price, current_price, store, picture) VALUES (NULL, 8, '粉底', 999.00, 999.00, 999, NULL);
INSERT INTO ebp.goods (id, goods_type_id, title, original_price, current_price, store, picture) VALUES (NULL, 8, '眼影', 999.00, 999.00, 999, NULL);
INSERT INTO ebp.goods (id, goods_type_id, title, original_price, current_price, store, picture) VALUES (NULL, 9, '项链', 999.00, 999.00, 999, NULL);
INSERT INTO ebp.goods (id, goods_type_id, title, original_price, current_price, store, picture) VALUES (NULL, 9, '手链', 999.00, 999.00, 999, NULL);
INSERT INTO ebp.goods (id, goods_type_id, title, original_price, current_price, store, picture) VALUES (NULL, 9, '戒指', 999.00, 999.00, 999, NULL);
INSERT INTO ebp.goods (id, goods_type_id, title, original_price, current_price, store, picture) VALUES (NULL, 10, '洗发水', 999.00, 999.00, 999, NULL);
INSERT INTO ebp.goods (id, goods_type_id, title, original_price, current_price, store, picture) VALUES (NULL, 10, '护发素', 999.00, 999.00, 999, NULL);
INSERT INTO ebp.goods (id, goods_type_id, title, original_price, current_price, store, picture) VALUES (NULL, 10, '沐浴露', 999.00, 999.00, 999, NULL);
INSERT INTO ebp.goods (id, goods_type_id, title, original_price, current_price, store, picture) VALUES (NULL, 11, '篮球', 999.00, 999.00, 999, NULL);
INSERT INTO ebp.goods (id, goods_type_id, title, original_price, current_price, store, picture) VALUES (NULL, 11, '跑步机', 999.00, 999.00, 999, NULL);
INSERT INTO ebp.goods (id, goods_type_id, title, original_price, current_price, store, picture) VALUES (NULL, 11, '瑜伽垫', 999.00, 999.00, 999, NULL);
INSERT INTO ebp.goods (id, goods_type_id, title, original_price, current_price, store, picture) VALUES (NULL, 12, '毛巾', 999.00, 999.00, 999, NULL);
INSERT INTO ebp.goods (id, goods_type_id, title, original_price, current_price, store, picture) VALUES (NULL, 12, '收纳盒', 999.00, 999.00, 999, NULL);
INSERT INTO ebp.goods (id, goods_type_id, title, original_price, current_price, store, picture) VALUES (NULL, 12, '马克杯', 999.00, 999.00, 999, NULL);
INSERT INTO ebp.goods (id, goods_type_id, title, original_price, current_price, store, picture) VALUES (NULL, 13, '苹果手机', 999.00, 999.00, 999, NULL);
INSERT INTO ebp.goods (id, goods_type_id, title, original_price, current_price, store, picture) VALUES (NULL, 13, '华为手机', 999.00, 999.00, 999, NULL);
INSERT INTO ebp.goods (id, goods_type_id, title, original_price, current_price, store, picture) VALUES (NULL, 13, '小米手机', 999.00, 999.00, 999, NULL);
INSERT INTO ebp.goods (id, goods_type_id, title, original_price, current_price, store, picture) VALUES (NULL, 14, '相机', 999.00, 999.00, 999, NULL);
INSERT INTO ebp.goods (id, goods_type_id, title, original_price, current_price, store, picture) VALUES (NULL, 14, '耳机', 999.00, 999.00, 999, NULL);
INSERT INTO ebp.goods (id, goods_type_id, title, original_price, current_price, store, picture) VALUES (NULL, 14, '平板电脑', 999.00, 999.00, 999, NULL);
INSERT INTO ebp.goods (id, goods_type_id, title, original_price, current_price, store, picture) VALUES (NULL, 15, '家具', 999.00, 999.00, 999, NULL);
INSERT INTO ebp.goods (id, goods_type_id, title, original_price, current_price, store, picture) VALUES (NULL, 15, '灯具', 999.00, 999.00, 999, NULL);
INSERT INTO ebp.goods (id, goods_type_id, title, original_price, current_price, store, picture) VALUES (NULL, 15, '壁纸', 999.00, 999.00, 999, NULL);
INSERT INTO ebp.goods (id, goods_type_id, title, original_price, current_price, store, picture) VALUES (NULL, 16, '冰箱', 999.00, 999.00, 999, NULL);
INSERT INTO ebp.goods (id, goods_type_id, title, original_price, current_price, store, picture) VALUES (NULL, 16, '洗衣机', 999.00, 999.00, 999, NULL);
INSERT INTO ebp.goods (id, goods_type_id, title, original_price, current_price, store, picture) VALUES (NULL, 16, '空调', 999.00, 999.00, 999, NULL);
INSERT INTO ebp.goods (id, goods_type_id, title, original_price, current_price, store, picture) VALUES (NULL, 17, '轮胎', 999.00, 999.00, 999, NULL);
INSERT INTO ebp.goods (id, goods_type_id, title, original_price, current_price, store, picture) VALUES (NULL, 17, '汽车坐垫', 999.00, 999.00, 999, NULL);
INSERT INTO ebp.goods (id, goods_type_id, title, original_price, current_price, store, picture) VALUES (NULL, 17, '车载空气净化器', 999.00, 999.00, 999, NULL);
INSERT INTO ebp.goods (id, goods_type_id, title, original_price, current_price, store, picture) VALUES (NULL, 18, '方便面', 999.00, 999.00, 999, NULL);
INSERT INTO ebp.goods (id, goods_type_id, title, original_price, current_price, store, picture) VALUES (NULL, 18, '巧克力', 999.00, 999.00, 999, NULL);
INSERT INTO ebp.goods (id, goods_type_id, title, original_price, current_price, store, picture) VALUES (NULL, 18, '茶叶', 999.00, 999.00, 999, NULL);
INSERT INTO ebp.goods (id, goods_type_id, title, original_price, current_price, store, picture) VALUES (NULL, 19, '婴儿推车', 999.00, 999.00, 999, NULL);
INSERT INTO ebp.goods (id, goods_type_id, title, original_price, current_price, store, picture) VALUES (NULL, 19, '婴儿床', 999.00, 999.00, 999, NULL);
INSERT INTO ebp.goods (id, goods_type_id, title, original_price, current_price, store, picture) VALUES (NULL, 19, '尿不湿', 999.00, 999.00, 999, NULL);
INSERT INTO ebp.goods (id, goods_type_id, title, original_price, current_price, store, picture) VALUES (NULL, 20, '发烧药', 999.00, 999.00, 999, NULL);
INSERT INTO ebp.goods (id, goods_type_id, title, original_price, current_price, store, picture) VALUES (NULL, 20, '感冒药', 999.00, 999.00, 999, NULL);
INSERT INTO ebp.goods (id, goods_type_id, title, original_price, current_price, store, picture) VALUES (NULL, 20, '止痛药', 999.00, 999.00, 999, NULL);
INSERT INTO ebp.goods (id, goods_type_id, title, original_price, current_price, store, picture) VALUES (NULL, 21, '蛋白粉', 999.00, 999.00, 999, NULL);
INSERT INTO ebp.goods (id, goods_type_id, title, original_price, current_price, store, picture) VALUES (NULL, 21, '鱼油', 999.00, 999.00, 999, NULL);
INSERT INTO ebp.goods (id, goods_type_id, title, original_price, current_price, store, picture) VALUES (NULL, 22, '进口红酒', 999.00, 999.00, 999, NULL);